Metric,Top 20,Bottom 20
Avg Liquidity Score,50.0,50.0
Avg Volatility (%),22.171205716691937,13.527185138040432
Avg Trades,49.9,42.15
