Year,Jan,Feb,Mar,Apr,May,Jun,Jul,Year Total
2025,6.24305000744978,2.663165171848214,7.336487034972238,6.808322240219821,5.144830655521315,7.342903040624737,3.062474554050354,38.60123270468646
