Year,Jan,Feb,Mar,Apr,May,Jun,Jul,Year Total
2025,2.292751297190443,4.1523195414927,6.058588861380643,3.9288205361386885,5.256099461162522,3.959429145893456,5.393182458256707,31.041191301515155
